sourcename,渠道标签
渠道A,APP信息流
广点通,APP信息流
百融白名单,APP贷超
OFO,APP信息流
信贷员名单,异业合作
信宝贷,APP贷超
车主无忧,异业合作
百融白名单,APP贷超
爱卡猫,异业合作
中望金服,APP贷超
世纪畅链,异业合作
运营短信营销,APP信息流
运营商名单,异业合作
鼎杰汇,APP贷超
亿玛dsp,APP信息流
广点通短信营销,APP信息流
大额亿玛dsp2,APP信息流
大额优借,APP贷超
大额钱院,APP贷超
拍拍贷订阅号,其他
大额FIR,APP贷超
大额好信贷,APP贷超
大额运通,APP贷超
朋友圈,APP信息流
蓬景数字,APP贷超
大额广点通,APP信息流
大额朋友圈,APP信息流
橙兔网络科技,APP贷超
资产大额M站橙兔,APP贷超
融翔科技,APP贷超
资产大额M站融翔科技,APP贷超
资产大额M站车贷在线,异业合作
资产大额闪电公积金,异业合作
贝壳林,公共号
资产大额M站动象,APP贷超
资产大额M站借呀,APP贷超
资产大额M站袋袋付,异业合作
资产大额91.汇借钱,APP贷超
资产大额M站华仓,异业合作
资产大额M站盒子支付,异业合作
探贝钱包,公共号
星享空间,公共号
重庆冀动无疆,异业合作
资产大额YY信用,APP贷超
资产大额万谋数据,APP贷超
资产大额省呗,APP贷超
资产大额M站成都科技,M站贷超
资产大额M站51信用卡,M站贷超
资产大额M站YY信用2,M站贷超
资产大额M站省呗2,M站贷超
资产大额M站同程金服,M站贷超
资产大额M站平安好医生,M站贷超
资产大额APP蛋花花1,APP贷超
资产大额M站蛋花花2,M站贷超
资产大额M站融之家借点钱,M站贷超
资产大额M站万谋数据2,M站贷超
资产大额M站秒到科技,M站贷超
金蟾管家,APP贷超
资产大额秋成科技,APP贷超
资产大额秋成科技二,APP贷超
APP资产大额还呗,APP贷超
资产大额淘钱宝,APP贷超
资产大额淘钱宝二,APP贷超
APP资产大额51卡宝,APP贷超
资产大额M站斗斗金,M站贷超
资产值得借,M站贷超
资产大额M站来借99云,M站贷超
资产大额M站泰优汇车贷,M站贷超
资产大额M站菠萝贷,M站贷超
百度SEM-MB大额,APP信息流
UC信息流大额,APP信息流
今日头条信息流大额,APP信息流
搜狗SEM-MB大额,APP信息流
搜狗信息流大额,APP信息流
陌陌信息流大额,APP信息流
百度信息流大额,APP信息流
神马SEM大额,APP信息流
百度SEM-MB大额,M站信息流
UC信息流大额,M站信息流
今日头条信息流大额,M站信息流
搜狗SEM-MB大额,M站信息流
搜狗信息流大额,M站信息流
陌陌信息流大额,M站信息流
百度信息流大额,M站信息流
神马SEM大额,M站信息流
资产大额九格网络,APP信息流
资产大额银橙墨迹,APP信息流
资产大额M站银橙,M站信息流
资产大额M站短信,M站信息流
资产大额M站推,M站信息流
凯美推,M站信息流
百度信息流大额,M站信息流
百度SEM-MB大额,M站信息流
搜狗SEM-MB大额,M站信息流
Inmobi信息流大额,M站信息流
QQ搜索直达M站大额,M站信息流
资产大额M站推,M站信息流
资产大额M站九格,M站信息流
360大额信息流,M站信息流
搜狗大额信息流,M站信息流
网易信息流大额,M站信息流
爱奇艺信息流大额,M站信息流
凤凰新闻大额,M站信息流
inmobi大额,M站信息流
懂球帝大额,M站信息流
inmobi大额,APP信息流
资产大额知乎M站,M站信息流
资产大额网易共和,M站信息流
资产大额凤凰共和,M站信息流
今日头条大额,APP信息流
今日头条大额,APP信息流
今日头条大额,APP信息流
今日头条大额,APP信息流
今日头条大额,APP信息流
Inmobi,APP信息流
Inmobi,APP信息流
Inmobi,APP信息流
Inmobi,APP信息流
Inmobi,APP信息流
百度SEM-MB大额,APP信息流
今日头条大额,APP信息流
今日头条大额,APP信息流
今日头条大额,APP信息流
今日头条大额,APP信息流
今日头条大额,APP信息流
今日头条大额,APP信息流
今日头条大额,APP信息流
今日头条大额,APP信息流
今日头条大额,APP信息流
今日头条大额,APP信息流
晶赞科技大额,APP信息流
晶赞科技大额,APP信息流
晶赞科技大额,APP信息流
晶赞科技大额,APP信息流
晶赞科技大额,APP信息流
神马SEM大额,APP信息流
神马SEM大额,APP信息流
神马SEM大额,APP信息流
神马SEM大额,APP信息流
陌陌大额59,APP信息流
陌陌信息流大额,APP信息流
陌陌信息流大额,APP信息流
陌陌信息流大额,APP信息流
陌陌信息流大额,APP信息流
陌陌信息流大额,APP信息流
晶赞科技大额,APP信息流
晶赞科技大额,APP信息流
晶赞科技大额,APP信息流
晶赞科技大额,APP信息流
今日头条大额,APP信息流
今日头条大额,APP信息流
今日头条大额,APP信息流
今日头条大额,APP信息流
今日头条大额,APP信息流
今日头条大额,APP信息流
今日头条大额,APP信息流
今日头条大额,APP信息流
今日头条大额,APP信息流
今日头条大额,APP信息流
陌陌信息流大额,APP信息流
陌陌信息流大额,APP信息流
陌陌信息流大额,APP信息流
陌陌信息流大额,APP信息流
陌陌信息流大额,APP信息流
陌陌信息流大额,APP信息流
陌陌信息流大额,APP信息流
陌陌信息流大额,APP信息流
陌陌信息流大额,APP信息流
陌陌信息流大额,APP信息流
陌陌信息流大额,APP信息流
百度SEM-MB大额,APP信息流
百度SEM-MB大额,APP信息流
百度SEM-MB大额,APP信息流
百度SEM-MB大额,APP信息流
百度SEM-MB大额,APP信息流
百度SEM-MB大额,M站信息流
百度SEM-MB大额,M站信息流
百度SEM-MB大额,M站信息流
百度SEM-MB大额,M站信息流
百度SEM-MB大额,M站信息流
百度SEM-MB大额,M站信息流
百度SEM-MB大额,M站信息流
百度SEM-MB大额,M站信息流
百度SEM-MB大额,M站信息流
原点时空大额,APP信息流
原点时空大额,APP信息流
今日头条大额,APP信息流
今日头条大额,APP信息流
今日头条大额,APP信息流
今日头条大额,APP信息流
今日头条大额,APP信息流
今日头条大额,APP信息流
今日头条大额,APP信息流
今日头条大额,APP信息流
今日头条大额,APP信息流
今日头条大额,APP信息流
今日头条大额,M站信息流
今日头条大额,M站信息流
今日头条大额,M站信息流
今日头条大额,M站信息流
今日头条大额,M站信息流
今日头条大额,M站信息流
今日头条大额,M站信息流
今日头条大额,M站信息流
今日头条大额,M站信息流
今日头条大额,M站信息流
爱奇艺信息流大额,APP信息流
爱奇艺信息流大额,M站信息流
今日头条大额,APP信息流
今日头条大额,APP信息流
今日头条大额,APP信息流
今日头条大额,APP信息流
今日头条大额,APP信息流
今日头条大额,APP信息流
今日头条大额,APP信息流
今日头条大额,APP信息流
今日头条大额,APP信息流
今日头条大额,APP信息流
今日头条大额,APP信息流
今日头条大额,APP信息流
今日头条大额,APP信息流
今日头条大额,APP信息流
今日头条大额,APP信息流
陌陌信息流大额,APP信息流
陌陌信息流大额,APP信息流
陌陌信息流大额,APP信息流
陌陌信息流大额,APP信息流
陌陌信息流大额,APP信息流
陌陌信息流大额,APP信息流
陌陌信息流大额,APP信息流
陌陌信息流大额,APP信息流
陌陌信息流大额,APP信息流
陌陌信息流大额,APP信息流
今日头条大额2,APP信息流
今日头条大额2,APP信息流
今日头条大额2,APP信息流
今日头条大额2,APP信息流
今日头条大额2,APP信息流
今日头条大额2,APP信息流
今日头条大额2,APP信息流
今日头条大额2,APP信息流
今日头条大额2,APP信息流
今日头条大额2,APP信息流
今日头条大额2,APP信息流
今日头条大额2,APP信息流
陌陌大额59,APP信息流
陌陌大额59,APP信息流
陌陌大额59,APP信息流
陌陌大额59,APP信息流
陌陌大额59,APP信息流
今日头条大额,APP信息流
今日头条大额,APP信息流
今日头条大额,APP信息流
今日头条大额,APP信息流
今日头条大额,APP信息流
今日头条大额,APP信息流
今日头条大额,APP信息流
今日头条大额,APP信息流
今日头条大额,APP信息流
今日头条大额,APP信息流
今日头条大额,APP信息流
今日头条大额,APP信息流
今日头条大额,APP信息流
今日头条大额,APP信息流
今日头条大额,APP信息流
神马SEM大额,M站信息流
神马SEM大额,M站信息流
神马SEM大额,M站信息流
趣头条天擎大额,APP信息流
趣头条天擎大额,APP信息流
趣头条天擎大额,APP信息流
趣头条天擎大额,APP信息流
粉丝通凯美大额,APP信息流
粉丝通凯美大额,APP信息流
粉丝通凯美大额,APP信息流
旭力大额,APP信息流
东方头条大额,APP信息流
资产大额短信,APP信息流
原点时空大额,APP信息流
原点时空大额,APP信息流
陌陌信息流大额,M站信息流
陌陌信息流大额,M站信息流
陌陌信息流大额,M站信息流
原点时空大额,APP信息流
原点时空大额,APP信息流
原点时空大额,APP信息流
原点时空大额,APP信息流
原点时空大额,APP信息流
资产大额顶效M站,M站信息流
晶赞科技大额M,M站信息流
大额朋友圈M站,M站信息流
金蟾管家01,APP贷超
金蟾管家02,APP贷超
资产大额M站河马借钱,M站信息流
资产大额M站55互动,M站信息流
资产大额M站猎豹金融,M站信息流
百融白名单M站,M站贷超
大额广点通1,APP信息流
